{
    "x_ival": 9.762304845413265,
    "y_ival": 9.04000000000001,
    "x_offset": 9.0,
    "y_offset": -33.0,
    "radius": 3.099999999999999,
    "rotation": -0.09000000000000002,
    "x_persp": -52.0,
    "y_persp": 5.0,
    "x_stretch": -4.799999999999999
}